{
  "ph": {
    "m": -6.374501992031871,
    "b": 16.793625498007966
  },
  "tds": {
    "scale": 0.4892031339575769,
    "alpha": 0.02
  }
}